what,kind,bundleId,bundleVersion,description,time
opened,editor,org.eclipse.jdt.ui,3.5.2.r352_v20100106-0800,"org.eclipse.jdt.ui.CompilationUnitEditor",1308207142492
activated,editor,org.eclipse.jdt.ui,3.5.2.r352_v20100106-0800,"org.eclipse.jdt.ui.CompilationUnitEditor",1308207142565
executed,command,org.eclipse.ui,3.5.2.M20100120-0800,"org.eclipse.ui.file.save",1308207148610
executed,command,org.eclipse.ui,3.5.2.M20100120-0800,"org.eclipse.ui.file.save",1308207156850
deactivated,workbench,org.eclipse.ui.workbench,3.5.2.M20100113-0800,"",1308207203124
activated,workbench,org.eclipse.ui.workbench,3.5.2.M20100113-0800,"",1308207203209
activated,editor,org.eclipse.jdt.ui,3.5.2.r352_v20100106-0800,"org.eclipse.jdt.ui.CompilationUnitEditor",1308207207278
activated,editor,org.eclipse.jdt.ui,3.5.2.r352_v20100106-0800,"org.eclipse.jdt.ui.CompilationUnitEditor",1308207207856
deactivated,workbench,org.eclipse.ui.workbench,3.5.2.M20100113-0800,"",1308207208525
activated,workbench,org.eclipse.ui.workbench,3.5.2.M20100113-0800,"",1308207209602
activated,editor,org.eclipse.jdt.ui,3.5.2.r352_v20100106-0800,"org.eclipse.jdt.ui.CompilationUnitEditor",1308207209663
executed,command,org.eclipse.ui,3.5.2.M20100120-0800,"org.eclipse.ui.edit.undo",1308207216364
executed,command,org.eclipse.ui,3.5.2.M20100120-0800,"org.eclipse.ui.edit.undo",1308207216747
deactivated,workbench,org.eclipse.ui.workbench,3.5.2.M20100113-0800,"",1308207222607
executed,command,org.eclipse.ui,3.5.2.M20100120-0800,"org.eclipse.ui.edit.findReplace",1308207222634
activated,workbench,org.eclipse.ui.workbench,3.5.2.M20100113-0800,"",1308207264296
executed,command,org.eclipse.ui,3.5.2.M20100120-0800,"org.eclipse.ui.edit.undo",1308207274113
deactivated,workbench,org.eclipse.ui.workbench,3.5.2.M20100113-0800,"",1308207279771
executed,command,org.eclipse.ui,3.5.2.M20100120-0800,"org.eclipse.ui.edit.findReplace",1308207279796
activated,workbench,org.eclipse.ui.workbench,3.5.2.M20100113-0800,"",1308207289201
executed,command,org.eclipse.ui,3.5.2.M20100120-0800,"org.eclipse.ui.file.save",1308207292858
activated,view,org.eclipse.jdt.ui,3.5.2.r352_v20100106-0800,"org.eclipse.jdt.ui.PackageExplorer",1308207296587
deactivated,workbench,org.eclipse.ui.workbench,3.5.2.M20100113-0800,"",1308207305199
activated,workbench,org.eclipse.ui.workbench,3.5.2.M20100113-0800,"",1308207306426
activated,view,org.eclipse.ui.console,3.4.0.v20090513,"org.eclipse.ui.console.ConsoleView",1308207306446
deactivated,workbench,org.eclipse.ui.workbench,3.5.2.M20100113-0800,"",1308207309202
activated,workbench,org.eclipse.ui.workbench,3.5.2.M20100113-0800,"",1308207315768
deactivated,workbench,org.eclipse.ui.workbench,3.5.2.M20100113-0800,"",1308207315864
activated,workbench,org.eclipse.ui.workbench,3.5.2.M20100113-0800,"",1308207317816
activated,editor,org.eclipse.jdt.ui,3.5.2.r352_v20100106-0800,"org.eclipse.jdt.ui.CompilationUnitEditor",1308207326551
activated,editor,org.eclipse.jdt.ui,3.5.2.r352_v20100106-0800,"org.eclipse.jdt.ui.CompilationUnitEditor",1308207330269
closed,editor,org.eclipse.jdt.ui,3.5.2.r352_v20100106-0800,"org.eclipse.jdt.ui.CompilationUnitEditor",1308207330269
activated,editor,org.eclipse.jdt.ui,3.5.2.r352_v20100106-0800,"org.eclipse.jdt.ui.CompilationUnitEditor",1308207331817
closed,editor,org.eclipse.jdt.ui,3.5.2.r352_v20100106-0800,"org.eclipse.jdt.ui.CompilationUnitEditor",1308207331817
activated,editor,org.eclipse.jdt.ui,3.5.2.r352_v20100106-0800,"org.eclipse.jdt.ui.CompilationUnitEditor",1308207332640
closed,editor,org.eclipse.jdt.ui,3.5.2.r352_v20100106-0800,"org.eclipse.jdt.ui.CompilationUnitEditor",1308207332640
activated,view,org.eclipse.ui.console,3.4.0.v20090513,"org.eclipse.ui.console.ConsoleView",1308207334627
closed,editor,org.eclipse.jdt.ui,3.5.2.r352_v20100106-0800,"org.eclipse.jdt.ui.CompilationUnitEditor",1308207334629
activated,view,org.eclipse.jdt.ui,3.5.2.r352_v20100106-0800,"org.eclipse.jdt.ui.PackageExplorer",1308207335813
opened,editor,org.eclipse.jdt.ui,3.5.2.r352_v20100106-0800,"org.eclipse.jdt.ui.CompilationUnitEditor",1308207336024
activated,editor,org.eclipse.jdt.ui,3.5.2.r352_v20100106-0800,"org.eclipse.jdt.ui.CompilationUnitEditor",1308207336106
executed,command,org.eclipse.ui,3.5.2.M20100120-0800,"org.eclipse.ui.file.save",1308207370134
deactivated,workbench,org.eclipse.ui.workbench,3.5.2.M20100113-0800,"",1308207371473
activated,workbench,org.eclipse.ui.workbench,3.5.2.M20100113-0800,"",1308207373286
executed,command,org.eclipse.ui,3.5.2.M20100120-0800,"org.eclipse.ui.file.save",1308207432682
activated,view,org.eclipse.jdt.ui,3.5.2.r352_v20100106-0800,"org.eclipse.jdt.ui.PackageExplorer",1308207449753
opened,editor,org.eclipse.jdt.ui,3.5.2.r352_v20100106-0800,"org.eclipse.jdt.ui.CompilationUnitEditor",1308207449952
activated,editor,org.eclipse.jdt.ui,3.5.2.r352_v20100106-0800,"org.eclipse.jdt.ui.CompilationUnitEditor",1308207450024
activated,view,org.eclipse.jdt.ui,3.5.2.r352_v20100106-0800,"org.eclipse.jdt.ui.PackageExplorer",1308207462056
opened,editor,org.eclipse.jdt.ui,3.5.2.r352_v20100106-0800,"org.eclipse.jdt.ui.CompilationUnitEditor",1308207462255
activated,editor,org.eclipse.jdt.ui,3.5.2.r352_v20100106-0800,"org.eclipse.jdt.ui.CompilationUnitEditor",1308207462328
activated,view,org.eclipse.jdt.ui,3.5.2.r352_v20100106-0800,"org.eclipse.jdt.ui.PackageExplorer",1308207494231
opened,editor,org.eclipse.jdt.ui,3.5.2.r352_v20100106-0800,"org.eclipse.jdt.ui.CompilationUnitEditor",1308207494436
activated,editor,org.eclipse.jdt.ui,3.5.2.r352_v20100106-0800,"org.eclipse.jdt.ui.CompilationUnitEditor",1308207494507
activated,view,org.eclipse.jdt.ui,3.5.2.r352_v20100106-0800,"org.eclipse.jdt.ui.PackageExplorer",1308207514270
activated,editor,org.eclipse.jdt.ui,3.5.2.r352_v20100106-0800,"org.eclipse.jdt.ui.CompilationUnitEditor",1308207514794
activated,view,org.eclipse.jdt.ui,3.5.2.r352_v20100106-0800,"org.eclipse.jdt.ui.PackageExplorer",1308207519830
activated,editor,org.eclipse.jdt.ui,3.5.2.r352_v20100106-0800,"org.eclipse.jdt.ui.CompilationUnitEditor",1308207520641
activated,view,org.eclipse.jdt.ui,3.5.2.r352_v20100106-0800,"org.eclipse.jdt.ui.PackageExplorer",1308207521957
opened,editor,org.eclipse.jdt.ui,3.5.2.r352_v20100106-0800,"org.eclipse.jdt.ui.CompilationUnitEditor",1308207522171
activated,editor,org.eclipse.jdt.ui,3.5.2.r352_v20100106-0800,"org.eclipse.jdt.ui.CompilationUnitEditor",1308207522241
activated,view,org.eclipse.jdt.ui,3.5.2.r352_v20100106-0800,"org.eclipse.jdt.ui.PackageExplorer",1308207542964
activated,editor,org.eclipse.jdt.ui,3.5.2.r352_v20100106-0800,"org.eclipse.jdt.ui.CompilationUnitEditor",1308207543184
activated,editor,org.eclipse.jdt.ui,3.5.2.r352_v20100106-0800,"org.eclipse.jdt.ui.CompilationUnitEditor",1308207550921
activated,editor,org.eclipse.jdt.ui,3.5.2.r352_v20100106-0800,"org.eclipse.jdt.ui.CompilationUnitEditor",1308207553330
activated,editor,org.eclipse.jdt.ui,3.5.2.r352_v20100106-0800,"org.eclipse.jdt.ui.CompilationUnitEditor",1308207571305
activated,editor,org.eclipse.jdt.ui,3.5.2.r352_v20100106-0800,"org.eclipse.jdt.ui.CompilationUnitEditor",1308207577441
activated,editor,org.eclipse.jdt.ui,3.5.2.r352_v20100106-0800,"org.eclipse.jdt.ui.CompilationUnitEditor",1308207580575
activated,editor,org.eclipse.jdt.ui,3.5.2.r352_v20100106-0800,"org.eclipse.jdt.ui.CompilationUnitEditor",1308207600767
activated,editor,org.eclipse.jdt.ui,3.5.2.r352_v20100106-0800,"org.eclipse.jdt.ui.CompilationUnitEditor",1308207617568
activated,editor,org.eclipse.jdt.ui,3.5.2.r352_v20100106-0800,"org.eclipse.jdt.ui.CompilationUnitEditor",1308207622195
closed,editor,org.eclipse.jdt.ui,3.5.2.r352_v20100106-0800,"org.eclipse.jdt.ui.CompilationUnitEditor",1308207622195
activated,editor,org.eclipse.jdt.ui,3.5.2.r352_v20100106-0800,"org.eclipse.jdt.ui.CompilationUnitEditor",1308207623603
closed,editor,org.eclipse.jdt.ui,3.5.2.r352_v20100106-0800,"org.eclipse.jdt.ui.CompilationUnitEditor",1308207623603
activated,editor,org.eclipse.jdt.ui,3.5.2.r352_v20100106-0800,"org.eclipse.jdt.ui.CompilationUnitEditor",1308207624740
activated,editor,org.eclipse.jdt.ui,3.5.2.r352_v20100106-0800,"org.eclipse.jdt.ui.CompilationUnitEditor",1308207641932
deactivated,workbench,org.eclipse.ui.workbench,3.5.2.M20100113-0800,"",1308207652846
activated,workbench,org.eclipse.ui.workbench,3.5.2.M20100113-0800,"",1308207672526
activated,editor,org.eclipse.jdt.ui,3.5.2.r352_v20100106-0800,"org.eclipse.jdt.ui.CompilationUnitEditor",1308207689615
activated,editor,org.eclipse.jdt.ui,3.5.2.r352_v20100106-0800,"org.eclipse.jdt.ui.CompilationUnitEditor",1308207704505
activated,editor,org.eclipse.jdt.ui,3.5.2.r352_v20100106-0800,"org.eclipse.jdt.ui.CompilationUnitEditor",1308207714709
closed,editor,org.eclipse.jdt.ui,3.5.2.r352_v20100106-0800,"org.eclipse.jdt.ui.CompilationUnitEditor",1308207714709
activated,editor,org.eclipse.jdt.ui,3.5.2.r352_v20100106-0800,"org.eclipse.jdt.ui.CompilationUnitEditor",1308207716105
closed,editor,org.eclipse.jdt.ui,3.5.2.r352_v20100106-0800,"org.eclipse.jdt.ui.CompilationUnitEditor",1308207716105
activated,view,org.eclipse.jdt.ui,3.5.2.r352_v20100106-0800,"org.eclipse.jdt.ui.PackageExplorer",1308207718458
opened,editor,org.eclipse.jdt.ui,3.5.2.r352_v20100106-0800,"org.eclipse.jdt.ui.CompilationUnitEditor",1308207718650
activated,editor,org.eclipse.jdt.ui,3.5.2.r352_v20100106-0800,"org.eclipse.jdt.ui.CompilationUnitEditor",1308207718721
activated,editor,org.eclipse.jdt.ui,3.5.2.r352_v20100106-0800,"org.eclipse.jdt.ui.CompilationUnitEditor",1308207741886
activated,view,org.eclipse.jdt.ui,3.5.2.r352_v20100106-0800,"org.eclipse.jdt.ui.PackageExplorer",1308207746218
opened,editor,org.eclipse.jdt.ui,3.5.2.r352_v20100106-0800,"org.eclipse.jdt.ui.CompilationUnitEditor",1308207746420
activated,editor,org.eclipse.jdt.ui,3.5.2.r352_v20100106-0800,"org.eclipse.jdt.ui.CompilationUnitEditor",1308207746509
started,bundle,org.eclipse.mylyn.java.ui,3.4.0.v20100608-0100-e3x,"org.eclipse.mylyn.java.ui",1308207800243
executed,command,org.eclipse.ui,3.5.2.M20100120-0800,"org.eclipse.ui.file.save",1308207835859
activated,view,org.eclipse.jdt.ui,3.5.2.r352_v20100106-0800,"org.eclipse.jdt.ui.PackageExplorer",1308207837324
started,bundle,org.eclipse.wst.common.frameworks.ui,1.1.301.v200908101600,"org.eclipse.wst.common.frameworks.ui",1308207844600
started,bundle,org.eclipse.wst.validation.ui,1.2.104.v200904232035,"org.eclipse.wst.validation.ui",1308207844602
started,bundle,org.eclipse.wst.validation,1.2.104.v200911120201,"org.eclipse.wst.validation",1308207844634
started,bundle,org.eclipse.wst.common.project.facet.core,1.4.1.v200911141735,"org.eclipse.wst.common.project.facet.core",1308207844676
started,bundle,org.eclipse.emf.common,2.5.0.v200906151043,"org.eclipse.emf.common",1308207844845
started,bundle,org.eclipse.emf.ecore,2.5.0.v200906151043,"org.eclipse.emf.ecore",1308207844878
started,bundle,org.eclipse.jem.util,2.0.201.v201001252130,"org.eclipse.jem.util",1308207844893
started,bundle,org.eclipse.wst.common.frameworks,1.1.300.v200904160730,"org.eclipse.wst.common.frameworks",1308207844895
started,bundle,org.eclipse.wst.xml.core,1.1.402.v201001222130,"org.eclipse.wst.xml.core",1308207844971
started,bundle,org.eclipse.wst.dtd.core,1.1.300.v200904181727,"org.eclipse.wst.dtd.core",1308207844973
started,bundle,org.eclipse.wst.xsd.core,1.1.401.v200903020335,"org.eclipse.wst.xsd.core",1308207844992
started,bundle,org.eclipse.wst.common.uriresolver,1.1.301.v200805140415,"org.eclipse.wst.common.uriresolver",1308207845044
started,bundle,org.eclipse.wst.internet.cache,1.0.301.v200805140020,"org.eclipse.wst.internet.cache",1308207845142
deactivated,workbench,org.eclipse.ui.workbench,3.5.2.M20100113-0800,"",1308207845343
activated,workbench,org.eclipse.ui.workbench,3.5.2.M20100113-0800,"",1308207846899
deactivated,workbench,org.eclipse.ui.workbench,3.5.2.M20100113-0800,"",1308207852091
activated,workbench,org.eclipse.ui.workbench,3.5.2.M20100113-0800,"",1308207854011
activated,editor,org.eclipse.jdt.ui,3.5.2.r352_v20100106-0800,"org.eclipse.jdt.ui.CompilationUnitEditor",1308207866246
activated,view,org.eclipse.jdt.ui,3.5.2.r352_v20100106-0800,"org.eclipse.jdt.ui.PackageExplorer",1308207886560
started,bundle,org.eclipse.wst.sse.ui,1.1.102.v200910200227,"org.eclipse.wst.sse.ui",1308207889951
started,bundle,org.eclipse.wst.xml.ui,1.1.2.v201001222130,"org.eclipse.wst.xml.ui",1308207890730
started,bundle,org.eclipse.wst.dtd.ui,1.0.400.v200904300717,"org.eclipse.wst.dtd.ui",1308207891058
opened,editor,com.android.ide.eclipse.adt,10.0.1.v201103111512-110841,"com.android.ide.eclipse.editors.manifest.ManifestEditor",1308207891590
activated,editor,com.android.ide.eclipse.adt,10.0.1.v201103111512-110841,"com.android.ide.eclipse.editors.manifest.ManifestEditor",1308207891674
started,bundle,org.eclipse.wst.common.emf,1.1.301.v200908181930,"org.eclipse.wst.common.emf",1308207891895
started,bundle,org.eclipse.emf.ecore.xmi,2.5.0.v200906151043,"org.eclipse.emf.ecore.xmi",1308207891938
started,bundle,org.eclipse.wst.common.emfworkbench.integration,1.1.301.v200908101600,"org.eclipse.wst.common.emfworkbench.integration",1308207891940
started,bundle,org.eclipse.wst.common.modulecore,1.1.301.v201001252130,"org.eclipse.wst.common.modulecore",1308207892015
activated,view,org.eclipse.jdt.ui,3.5.2.r352_v20100106-0800,"org.eclipse.jdt.ui.PackageExplorer",1308207902955
deactivated,workbench,org.eclipse.ui.workbench,3.5.2.M20100113-0800,"",1308207903099
activated,workbench,org.eclipse.ui.workbench,3.5.2.M20100113-0800,"",1308207904926
opened,editor,com.android.ide.eclipse.adt,10.0.1.v201103111512-110841,"com.android.ide.eclipse.editors.manifest.ManifestEditor",1308207906202
activated,editor,com.android.ide.eclipse.adt,10.0.1.v201103111512-110841,"com.android.ide.eclipse.editors.manifest.ManifestEditor",1308207906247
activated,editor,com.android.ide.eclipse.adt,10.0.1.v201103111512-110841,"com.android.ide.eclipse.editors.manifest.ManifestEditor",1308207912610
activated,editor,com.android.ide.eclipse.adt,10.0.1.v201103111512-110841,"com.android.ide.eclipse.editors.manifest.ManifestEditor",1308207913453
activated,editor,com.android.ide.eclipse.adt,10.0.1.v201103111512-110841,"com.android.ide.eclipse.editors.manifest.ManifestEditor",1308207914333
activated,editor,com.android.ide.eclipse.adt,10.0.1.v201103111512-110841,"com.android.ide.eclipse.editors.manifest.ManifestEditor",1308207915166
activated,editor,com.android.ide.eclipse.adt,10.0.1.v201103111512-110841,"com.android.ide.eclipse.editors.manifest.ManifestEditor",1308207917076
activated,editor,com.android.ide.eclipse.adt,10.0.1.v201103111512-110841,"com.android.ide.eclipse.editors.manifest.ManifestEditor",1308207917749
executed,command,org.eclipse.ui,3.5.2.M20100120-0800,"org.eclipse.ui.edit.copy",1308207922275
activated,editor,com.android.ide.eclipse.adt,10.0.1.v201103111512-110841,"com.android.ide.eclipse.editors.manifest.ManifestEditor",1308207924628
executed,command,org.eclipse.ui,3.5.2.M20100120-0800,"org.eclipse.ui.edit.paste",1308207926985
executed,command,org.eclipse.ui,3.5.2.M20100120-0800,"org.eclipse.ui.file.save",1308207932748
activated,editor,com.android.ide.eclipse.adt,10.0.1.v201103111512-110841,"com.android.ide.eclipse.editors.manifest.ManifestEditor",1308207943651
activated,editor,com.android.ide.eclipse.adt,10.0.1.v201103111512-110841,"com.android.ide.eclipse.editors.manifest.ManifestEditor",1308207945189
activated,editor,com.android.ide.eclipse.adt,10.0.1.v201103111512-110841,"com.android.ide.eclipse.editors.manifest.ManifestEditor",1308207945882
activated,editor,com.android.ide.eclipse.adt,10.0.1.v201103111512-110841,"com.android.ide.eclipse.editors.manifest.ManifestEditor",1308207946563
activated,editor,com.android.ide.eclipse.adt,10.0.1.v201103111512-110841,"com.android.ide.eclipse.editors.manifest.ManifestEditor",1308207947282
activated,editor,com.android.ide.eclipse.adt,10.0.1.v201103111512-110841,"com.android.ide.eclipse.editors.manifest.ManifestEditor",1308207948130
activated,editor,com.android.ide.eclipse.adt,10.0.1.v201103111512-110841,"com.android.ide.eclipse.editors.manifest.ManifestEditor",1308207948858
activated,editor,com.android.ide.eclipse.adt,10.0.1.v201103111512-110841,"com.android.ide.eclipse.editors.manifest.ManifestEditor",1308207951267
activated,editor,com.android.ide.eclipse.adt,10.0.1.v201103111512-110841,"com.android.ide.eclipse.editors.manifest.ManifestEditor",1308207955490
activated,editor,com.android.ide.eclipse.adt,10.0.1.v201103111512-110841,"com.android.ide.eclipse.editors.manifest.ManifestEditor",1308207959066
activated,editor,com.android.ide.eclipse.adt,10.0.1.v201103111512-110841,"com.android.ide.eclipse.editors.manifest.ManifestEditor",1308207960250
activated,editor,com.android.ide.eclipse.adt,10.0.1.v201103111512-110841,"com.android.ide.eclipse.editors.manifest.ManifestEditor",1308207960922
activated,view,org.eclipse.jdt.ui,3.5.2.r352_v20100106-0800,"org.eclipse.jdt.ui.PackageExplorer",1308207966252
deactivated,workbench,org.eclipse.ui.workbench,3.5.2.M20100113-0800,"",1308207968699
activated,workbench,org.eclipse.ui.workbench,3.5.2.M20100113-0800,"",1308207970350
activated,editor,com.android.ide.eclipse.adt,10.0.1.v201103111512-110841,"com.android.ide.eclipse.editors.manifest.ManifestEditor",1308207982618
activated,view,org.eclipse.jdt.ui,3.5.2.r352_v20100106-0800,"org.eclipse.jdt.ui.PackageExplorer",1308207987553
activated,editor,com.android.ide.eclipse.adt,10.0.1.v201103111512-110841,"com.android.ide.eclipse.editors.manifest.ManifestEditor",1308207997527
activated,editor,com.android.ide.eclipse.adt,10.0.1.v201103111512-110841,"com.android.ide.eclipse.editors.manifest.ManifestEditor",1308207999742
closed,editor,com.android.ide.eclipse.adt,10.0.1.v201103111512-110841,"com.android.ide.eclipse.editors.manifest.ManifestEditor",1308207999743
activated,editor,org.eclipse.jdt.ui,3.5.2.r352_v20100106-0800,"org.eclipse.jdt.ui.CompilationUnitEditor",1308208001121
closed,editor,com.android.ide.eclipse.adt,10.0.1.v201103111512-110841,"com.android.ide.eclipse.editors.manifest.ManifestEditor",1308208001121
activated,view,org.eclipse.jdt.ui,3.5.2.r352_v20100106-0800,"org.eclipse.jdt.ui.PackageExplorer",1308208009627
activated,editor,org.eclipse.jdt.ui,3.5.2.r352_v20100106-0800,"org.eclipse.jdt.ui.CompilationUnitEditor",1308208016588
deactivated,workbench,org.eclipse.ui.workbench,3.5.2.M20100113-0800,"",1308208024397
activated,workbench,org.eclipse.ui.workbench,3.5.2.M20100113-0800,"",1308208024475
activated,view,org.eclipse.jdt.ui,3.5.2.r352_v20100106-0800,"org.eclipse.jdt.ui.PackageExplorer",1308208030290
deactivated,workbench,org.eclipse.ui.workbench,3.5.2.M20100113-0800,"",1308208033534
started,bundle,org.eclipse.mylyn.wikitext.ui,1.3.0.v20100608-0100-e3x,"org.eclipse.mylyn.wikitext.ui",1308208049267
started,bundle,org.eclipse.mylyn.wikitext.core,1.3.1.v20100823-0100-e3x,"org.eclipse.mylyn.wikitext.core",1308208049307
activated,workbench,org.eclipse.ui.workbench,3.5.2.M20100113-0800,"",1308208052101
executed,command,org.eclipse.ui,3.5.2.M20100120-0800,"org.eclipse.ui.file.properties",1308208052120
deactivated,workbench,org.eclipse.ui.workbench,3.5.2.M20100113-0800,"",1308208061900
activated,workbench,org.eclipse.ui.workbench,3.5.2.M20100113-0800,"",1308208069264
executed,command,org.eclipse.jdt.ui,3.5.2.r352_v20100106-0800,"org.eclipse.jdt.ui.edit.text.java.rename.element",1308208069274
activated,editor,org.eclipse.jdt.ui,3.5.2.r352_v20100106-0800,"org.eclipse.jdt.ui.CompilationUnitEditor",1308208077378
activated,view,org.eclipse.jdt.ui,3.5.2.r352_v20100106-0800,"org.eclipse.jdt.ui.PackageExplorer",1308208081511
deactivated,workbench,org.eclipse.ui.workbench,3.5.2.M20100113-0800,"",1308208097076
activated,workbench,org.eclipse.ui.workbench,3.5.2.M20100113-0800,"",1308208106636
executed,command,org.eclipse.jdt.ui,3.5.2.r352_v20100106-0800,"org.eclipse.jdt.ui.edit.text.java.rename.element",1308208106642
activated,editor,org.eclipse.jdt.ui,3.5.2.r352_v20100106-0800,"org.eclipse.jdt.ui.CompilationUnitEditor",1308208107794
deactivated,workbench,org.eclipse.ui.workbench,3.5.2.M20100113-0800,"",1308208117620
activated,workbench,org.eclipse.ui.workbench,3.5.2.M20100113-0800,"",1308208128086
activated,editor,org.eclipse.jdt.ui,3.5.2.r352_v20100106-0800,"org.eclipse.jdt.ui.CompilationUnitEditor",1308208129879
activated,editor,org.eclipse.jdt.ui,3.5.2.r352_v20100106-0800,"org.eclipse.jdt.ui.CompilationUnitEditor",1308208130431
activated,editor,org.eclipse.jdt.ui,3.5.2.r352_v20100106-0800,"org.eclipse.jdt.ui.CompilationUnitEditor",1308208131138
deactivated,workbench,org.eclipse.ui.workbench,3.5.2.M20100113-0800,"",1308208134219
activated,workbench,org.eclipse.ui.workbench,3.5.2.M20100113-0800,"",1308208142059
activated,view,org.eclipse.jdt.ui,3.5.2.r352_v20100106-0800,"org.eclipse.jdt.ui.PackageExplorer",1308208143619
deactivated,workbench,org.eclipse.ui.workbench,3.5.2.M20100113-0800,"",1308208146983
activated,workbench,org.eclipse.ui.workbench,3.5.2.M20100113-0800,"",1308208150329
executed,command,org.eclipse.ltk.ui.refactoring,3.4.101.r352_v20100209,"org.eclipse.ltk.ui.refactoring.commands.deleteResources",1308208150335
executed,command,org.eclipse.ui,3.5.2.M20100120-0800,"org.eclipse.ui.edit.delete",1308208150335
deactivated,workbench,org.eclipse.ui.workbench,3.5.2.M20100113-0800,"",1308208154191
deactivated,workbench,org.eclipse.ui.workbench,3.5.2.M20100113-0800,"",1308208163410
activated,workbench,org.eclipse.ui.workbench,3.5.2.M20100113-0800,"",1308208238450
deactivated,workbench,org.eclipse.ui.workbench,3.5.2.M20100113-0800,"",1308208239190
activated,workbench,org.eclipse.ui.workbench,3.5.2.M20100113-0800,"",1308208309681
deactivated,workbench,org.eclipse.ui.workbench,3.5.2.M20100113-0800,"",1308208310543
activated,workbench,org.eclipse.ui.workbench,3.5.2.M20100113-0800,"",1308209063127
deactivated,workbench,org.eclipse.ui.workbench,3.5.2.M20100113-0800,"",1308209063983
activated,workbench,org.eclipse.ui.workbench,3.5.2.M20100113-0800,"",1308209255866
deactivated,workbench,org.eclipse.ui.workbench,3.5.2.M20100113-0800,"",1308209256456
activated,workbench,org.eclipse.ui.workbench,3.5.2.M20100113-0800,"",1308209470476
deactivated,workbench,org.eclipse.ui.workbench,3.5.2.M20100113-0800,"",1308209471276
activated,workbench,org.eclipse.ui.workbench,3.5.2.M20100113-0800,"",1308209499402
deactivated,workbench,org.eclipse.ui.workbench,3.5.2.M20100113-0800,"",1308209499938
activated,workbench,org.eclipse.ui.workbench,3.5.2.M20100113-0800,"",1308210297778
deactivated,workbench,org.eclipse.ui.workbench,3.5.2.M20100113-0800,"",1308210298863
activated,workbench,org.eclipse.ui.workbench,3.5.2.M20100113-0800,"",1308211890802
activated,editor,org.eclipse.jdt.ui,3.5.2.r352_v20100106-0800,"org.eclipse.jdt.ui.CompilationUnitEditor",1308211891978
deactivated,workbench,org.eclipse.ui.workbench,3.5.2.M20100113-0800,"",1308211895524
activated,workbench,org.eclipse.ui.workbench,3.5.2.M20100113-0800,"",1308211992889
deactivated,workbench,org.eclipse.ui.workbench,3.5.2.M20100113-0800,"",1308211993339
activated,workbench,org.eclipse.ui.workbench,3.5.2.M20100113-0800,"",1308212166062
deactivated,workbench,org.eclipse.ui.workbench,3.5.2.M20100113-0800,"",1308212166604
activated,workbench,org.eclipse.ui.workbench,3.5.2.M20100113-0800,"",1308212578515
activated,view,org.eclipse.jdt.ui,3.5.2.r352_v20100106-0800,"org.eclipse.jdt.ui.PackageExplorer",1308212580652
deactivated,workbench,org.eclipse.ui.workbench,3.5.2.M20100113-0800,"",1308212584661
activated,workbench,org.eclipse.ui.workbench,3.5.2.M20100113-0800,"",1308212586366
activated,view,org.eclipse.ui.console,3.4.0.v20090513,"org.eclipse.ui.console.ConsoleView",1308212586381
deactivated,workbench,org.eclipse.ui.workbench,3.5.2.M20100113-0800,"",1308212589576
activated,workbench,org.eclipse.ui.workbench,3.5.2.M20100113-0800,"",1308212591080
deactivated,workbench,org.eclipse.ui.workbench,3.5.2.M20100113-0800,"",1308212591183
activated,workbench,org.eclipse.ui.workbench,3.5.2.M20100113-0800,"",1308212592357
deactivated,workbench,org.eclipse.ui.workbench,3.5.2.M20100113-0800,"",1308212595452
activated,workbench,org.eclipse.ui.workbench,3.5.2.M20100113-0800,"",1308212602719
deactivated,workbench,org.eclipse.ui.workbench,3.5.2.M20100113-0800,"",1308212602774
activated,perspective,org.eclipse.jdt.ui,,"org.eclipse.jdt.ui.JavaPerspective",1308719737564
started,bundle,org.eclipse.osgi,3.5.2.R35x_v20100126,"org.eclipse.osgi",1308719737565
started,bundle,org.eclipse.equinox.simpleconfigurator,1.0.101.R35x_v20090807-1100,"org.eclipse.equinox.simpleconfigurator",1308719737565
started,bundle,com.android.ide.eclipse.adt,10.0.1.v201103111512-110841,"com.android.ide.eclipse.adt",1308719737565
started,bundle,com.android.ide.eclipse.ddms,10.0.1.v201103111512-110841,"com.android.ide.eclipse.ddms",1308719737565
started,bundle,com.ibm.icu,4.0.1.v20090822,"com.ibm.icu",1308719737566
started,bundle,org.eclipse.core.contenttype,3.4.1.R35x_v20090826-0451,"org.eclipse.core.contenttype",1308719737567
started,bundle,org.eclipse.core.databinding.observable,1.2.0.M20090902-0800,"org.eclipse.core.databinding.observable",1308719737568
started,bundle,org.eclipse.core.expressions,3.4.101.R35x_v20100209,"org.eclipse.core.expressions",1308719737568
started,bundle,org.eclipse.core.filebuffers,3.5.0.v20090526-2000,"org.eclipse.core.filebuffers",1308719737569
started,bundle,org.eclipse.core.filesystem,1.2.1.R35x_v20091203-1235,"org.eclipse.core.filesystem",1308719737570
started,bundle,org.eclipse.core.jobs,3.4.100.v20090429-1800,"org.eclipse.core.jobs",1308719737570
started,bundle,org.eclipse.core.net,1.2.1.r35x_20090812-1200,"org.eclipse.core.net",1308719737571
started,bundle,org.eclipse.core.resources,3.5.2.R35x_v20091203-1235,"org.eclipse.core.resources",1308719737572
started,bundle,org.eclipse.core.runtime,3.5.0.v20090525,"org.eclipse.core.runtime",1308719737574
started,bundle,org.eclipse.core.runtime.compatibility,3.2.0.v20090413,"org.eclipse.core.runtime.compatibility",1308719737575
started,bundle,org.eclipse.core.runtime.compatibility.auth,3.2.100.v20090413,"org.eclipse.core.runtime.compatibility.auth",1308719737576
started,bundle,org.eclipse.ecf,3.0.0.v20090831-1906,"org.eclipse.ecf",1308719737577
started,bundle,org.eclipse.ecf.filetransfer,3.0.0.v20090831-1906,"org.eclipse.ecf.filetransfer",1308719737577
started,bundle,org.eclipse.ecf.identity,3.0.0.v20090831-1906,"org.eclipse.ecf.identity",1308719737578
started,bundle,org.eclipse.ecf.provider.filetransfer,3.0.1.v20090831-1906,"org.eclipse.ecf.provider.filetransfer",1308719737579
started,bundle,org.eclipse.ecf.provider.filetransfer.httpclient,3.0.1.v20090831-1906,"org.eclipse.ecf.provider.filetransfer.httpclient",1308719737580
started,bundle,org.eclipse.epp.usagedata.gathering,1.1.1.R201001291118,"org.eclipse.epp.usagedata.gathering",1308719737580
started,bundle,org.eclipse.epp.usagedata.recording,1.1.1.R201001291118,"org.eclipse.epp.usagedata.recording",1308719737580
started,bundle,org.eclipse.equinox.app,1.2.1.R35x_v20091203,"org.eclipse.equinox.app",1308719737581
